Neighborhood,Price,Bedrooms,Bathrooms,House Size,Description,Neighborhood Description
"Willow Creek","$650,000",4,3,"2,500 sqft","Nestled in the serene neighborhood of Willow Creek, this spacious property boasts 4 bedrooms and 3 bathrooms. The house features energy-efficient appliances, a solar water heater, and a backyard garden with fruit trees and a composting area. With a large living room and a cozy fireplace, this home is perfect for families looking for a sustainable and comfortable living space.","Willow Creek is a family-friendly neighborhood with tree-lined streets and a strong sense of community. Residents enjoy access to parks, schools, and local farmers\ markets. The neighborhood is known for its commitment to sustainability, with many homes incorporating eco-friendly features like rainwater harvesting systems and solar panels."
"Sunset Hills","$900,000",5,4,"3,000 sqft","Situated in the prestigious Sunset Hills neighborhood, this luxurious property offers 5 bedrooms and 4 bathrooms. The house features high-end finishes, a gourmet kitchen with energy-efficient appliances, and a backyard oasis with a saltwater pool and solar-powered outdoor lighting. With a spacious master suite and a home office, this property is ideal for those seeking a blend of elegance and sustainability.","Sunset Hills is an upscale neighborhood known for its stunning views and upscale amenities. Residents enjoy access to top-rated schools, exclusive country clubs, and upscale shopping centers. The neighborhood is committed to sustainability, with many homes incorporating green building practices and energy-efficient features."
"Riverfront Estates","$1,200,000",6,5,"4,500 sqft","Located in the exclusive Riverfront Estates, this grand property boasts 6 bedrooms and 5 bathrooms. The house features a gourmet kitchen with energy-efficient appliances, a home theater, and a private dock on the river. With a spacious backyard and a rooftop garden, this home offers a luxurious retreat for those who value sustainable living and waterfront views.","Riverfront Estates is a prestigious waterfront community known for its luxury homes and scenic views. Residents enjoy access to private marinas, walking trails, and upscale dining options. The neighborhood is committed to sustainability, with many homes incorporating eco-friendly features like rain gardens and green roofs."
"Maple Grove","$500,000",3,2,"1,800 sqft","Set in the charming neighborhood of Maple Grove, this cozy property features 3 bedrooms and 2 bathrooms. The house includes a renovated kitchen with energy-efficient appliances, a sunroom overlooking the backyard garden, and a rainwater collection system. With hardwood floors and a fireplace, this home offers a warm and inviting atmosphere for those seeking a sustainable lifestyle.","Maple Grove is a quaint neighborhood with tree-lined streets and a strong sense of community. Residents enjoy access to local parks, farmers\ markets, and community events. The neighborhood is known for its commitment to sustainability, with many homes incorporating eco-friendly features like solar panels and native plant gardens."
"Oakwood Heights","$750,000",4,3,"2,300 sqft","Situated in the desirable neighborhood of Oakwood Heights, this modern property offers 4 bedrooms and 3 bathrooms. The house features a sleek design, energy-efficient appliances, and a rooftop deck with solar panels. With a spacious living room and a gourmet kitchen, this home is perfect for those who appreciate contemporary style and sustainable living.","Oakwood Heights is a trendy neighborhood with a mix of modern architecture and lush greenery. Residents enjoy access to trendy cafes, boutique shops, and art galleries. The neighborhood is committed to sustainability, with many homes incorporating green building practices and energy-efficient features."
"Harbor View","$850,000",4,3,"2,800 sqft","Perched in the scenic neighborhood of Harbor View, this stunning property offers 4 bedrooms and 3 bathrooms. The house features a gourmet kitchen with energy-efficient appliances, a wine cellar, and a backyard garden with a vegetable patch and a rain garden. With panoramic views of the harbor and a spacious deck, this home is perfect for those who value sustainable living and waterfront living.","Harbor View is a picturesque waterfront community known for its stunning views and upscale amenities. Residents enjoy access to private beaches, yacht clubs, and waterfront dining options. The neighborhood is committed to sustainability, with many homes incorporating eco-friendly features like rainwater harvesting systems and green roofs."
"Mountain Ridge","$700,000",3,2,"2,100 sqft","Located in the peaceful neighborhood of Mountain Ridge, this charming property offers 3 bedrooms and 2 bathrooms. The house features a renovated kitchen with energy-efficient appliances, a cozy fireplace, and a backyard garden with a composting area. With hardwood floors and a sunroom, this home provides a tranquil retreat for those seeking a sustainable and serene living space.","Mountain Ridge is a quiet neighborhood with scenic views of the mountains and easy access to hiking trails and nature reserves. Residents enjoy a laid-back lifestyle with access to local cafes, farmers\ markets, and community events. The neighborhood is known for its commitment to sustainability, with many homes incorporating eco-friendly features like solar panels and rain gardens."
"Golden Hills","$950,000",5,4,"3,200 sqft","Set in the prestigious neighborhood of Golden Hills, this elegant property offers 5 bedrooms and 4 bathrooms. The house features high-end finishes, a gourmet kitchen with energy-efficient appliances, and a backyard oasis with a swimming pool and a solar-powered hot tub. With a spacious master suite and a home gym, this home is perfect for those seeking luxury and sustainability in a prime location.","Golden Hills is an upscale neighborhood known for its luxury homes and exclusive amenities. Residents enjoy access to top-rated schools, country clubs, and upscale shopping centers. The neighborhood is committed to sustainability, with many homes incorporating green building practices and energy-efficient features."
"Sunrise Meadows","$600,000",4,3,"2,400 sqft","Nestled in the tranquil neighborhood of Sunrise Meadows, this spacious property boasts 4 bedrooms and 3 bathrooms. The house features a renovated kitchen with energy-efficient appliances, a sunroom overlooking the backyard garden, and a rainwater collection system. With a cozy fireplace and a home office, this home offers a peaceful retreat for those seeking a sustainable and comfortable living space.","Sunrise Meadows is a family-friendly neighborhood with tree-lined streets and a strong sense of community. Residents enjoy access to parks, schools, and local farmers\ markets. The neighborhood is known for its commitment to sustainability, with many homes incorporating eco-friendly features like rain gardens and solar panels."
"Ocean View","$1,100,000",6,5,"4,800 sqft","Situated in the exclusive neighborhood of Ocean View, this grand property boasts 6 bedrooms and 5 bathrooms. The house features a gourmet kitchen with energy-efficient appliances, a home theater, and a rooftop deck with solar panels. With a private pool and a lush garden, this home offers a luxurious retreat for those who value sustainable living and ocean views.","Ocean View is a prestigious waterfront community known for its luxury homes and scenic views. Residents enjoy access to private beaches, yacht clubs, and upscale dining options. The neighborhood is committed to sustainability, with many homes incorporating eco-friendly features like rain gardens and green roofs."
"Forest Hills","$550,000",3,2,"1,900 sqft","Set in the charming neighborhood of Forest Hills, this cozy property features 3 bedrooms and 2 bathrooms. The house includes a renovated kitchen with energy-efficient appliances, a sunroom overlooking the backyard garden, and a rainwater collection system. With hardwood floors and a fireplace, this home offers a warm and inviting atmosphere for those seeking a sustainable lifestyle.","Forest Hills is a quaint neighborhood with tree-lined streets and a strong sense of community. Residents enjoy access to local parks, farmers\ markets, and community events. The neighborhood is known for its commitment to sustainability, with many homes incorporating eco-friendly features like solar panels and native plant gardens."
"Riverbend Estates","$800,000",4,3,"2,300 sqft","Situated in the desirable neighborhood of Riverbend Estates, this modern property offers 4 bedrooms and 3 bathrooms. The house features a sleek design, energy-efficient appliances, and a rooftop deck with solar panels. With a spacious living room and a gourmet kitchen, this home is perfect for those who appreciate contemporary style and sustainable living.","Riverbend Estates is a trendy neighborhood with a mix of modern architecture and lush greenery. Residents enjoy access to trendy cafes, boutique shops, and art galleries. The neighborhood is committed to sustainability, with many homes incorporating green building practices and energy-efficient features."
"Silver Lake","$750,000",4,3,"2,800 sqft","Perched in the scenic neighborhood of Silver Lake, this stunning property offers 4 bedrooms and 3 bathrooms. The house features a gourmet kitchen with energy-efficient appliances, a wine cellar, and a backyard garden with a vegetable patch and a rain garden. With panoramic views of the lake and a spacious deck, this home is perfect for those who value sustainable living and waterfront living.","Silver Lake is a picturesque waterfront community known for its stunning views and upscale amenities. Residents enjoy access to private beaches, yacht clubs, and waterfront dining options. The neighborhood is committed to sustainability, with many homes incorporating eco-friendly features like rainwater harvesting systems and green roofs."
"Mountain View","$700,000",3,2,"2,100 sqft","Located in the peaceful neighborhood of Mountain View, this charming property offers 3 bedrooms and 2 bathrooms. The house features a renovated kitchen with energy-efficient appliances, a cozy fireplace, and a backyard garden with a composting area. With hardwood floors and a sunroom, this home provides a tranquil retreat for those seeking a sustainable and serene living space.","Mountain View is a quiet neighborhood with scenic views of the mountains and easy access to hiking trails and nature reserves. Residents enjoy a laid-back lifestyle with access to local cafes, farmers\ markets, and community events. The neighborhood is known for its commitment to sustainability, with many homes incorporating eco-friendly features like solar panels and rain gardens."
"Golden Valley","$950,000",5,4,"3,200 sqft","Set in the prestigious neighborhood of Golden Valley, this elegant property offers 5 bedrooms and 4 bathrooms. The house features high-end finishes, a gourmet kitchen with energy-efficient appliances, and a backyard oasis with a swimming pool and a solar-powered hot tub. With a spacious master suite and a home gym, this home is perfect for those seeking luxury and sustainability in a prime location.","Golden Valley is an upscale neighborhood known for its luxury homes and exclusive amenities. Residents enjoy access to top-rated schools, country clubs, and upscale shopping centers. The neighborhood is committed to sustainability, with many homes incorporating green building practices and energy-efficient features."
"Sunrise Heights","$600,000",4,3,"2,400 sqft","Nestled in the tranquil neighborhood of Sunrise Heights, this spacious property boasts 4 bedrooms and 3 bathrooms. The house features a renovated kitchen with energy-efficient appliances, a sunroom overlooking the backyard garden, and a rainwater collection system. With a cozy fireplace and a home office, this home offers a peaceful retreat for those seeking a sustainable and comfortable living space.","Sunrise Heights is a family-friendly neighborhood with tree-lined streets and a strong sense of community. Residents enjoy access to parks, schools, and local farmers\ markets. The neighborhood is known for its commitment to sustainability, with many homes incorporating eco-friendly features like rain gardens and solar panels."
"Oceanfront Estates","$1,100,000",6,5,"4,800 sqft","Situated in the exclusive neighborhood of Oceanfront Estates, this grand property boasts 6 bedrooms and 5 bathrooms. The house features a gourmet kitchen with energy-efficient appliances, a home theater, and a rooftop deck with solar panels. With a private pool and a lush garden, this home offers a luxurious retreat for those who value sustainable living and ocean views.","Oceanfront Estates is a prestigious waterfront community known for its luxury homes and scenic views. Residents enjoy access to private beaches, yacht clubs, and upscale dining options. The neighborhood is committed to sustainability, with many homes incorporating eco-friendly features like rain gardens and green roofs."
"Forest Park","$550,000",3,2,"1,900 sqft","Set in the charming neighborhood of Forest Park, this cozy property features 3 bedrooms and 2 bathrooms. The house includes a renovated kitchen with energy-efficient appliances, a sunroom overlooking the backyard garden, and a rainwater collection system. With hardwood floors and a fireplace, this home offers a warm and inviting atmosphere for those seeking a sustainable lifestyle.","Forest Park is a quaint neighborhood with tree-lined streets and a strong sense of community. Residents enjoy access to local parks, farmers\ markets, and community events. The neighborhood is known for its commitment to sustainability, with many homes incorporating eco-friendly features like solar panels and native plant gardens."
"Riverfront Terrace","$800,000",4,3,"2,300 sqft","Situated in the desirable neighborhood of Riverfront Terrace, this modern property offers 4 bedrooms and 3 bathrooms. The house features a sleek design, energy-efficient appliances, and a rooftop deck with solar panels. With a spacious living room and a gourmet kitchen, this home is perfect for those who appreciate contemporary style and sustainable living.","Riverfront Terrace is a trendy neighborhood with a mix of modern architecture and lush greenery. Residents enjoy access to trendy cafes, boutique shops, and art galleries. The neighborhood is committed to sustainability, with many homes incorporating green building practices and energy-efficient features."
"Silver Springs","$750,000",4,3,"2,800 sqft","Perched in the scenic neighborhood of Silver Springs, this stunning property offers 4 bedrooms and 3 bathrooms. The house features a gourmet kitchen with energy-efficient appliances, a wine cellar, and a backyard garden with a vegetable patch and a rain garden. With panoramic views of the lake and a spacious deck, this home is perfect for those who value sustainable living and waterfront living.","Silver Springs is a picturesque waterfront community known for its stunning views and upscale amenities. Residents enjoy access to private beaches, yacht clubs, and waterfront dining options. The neighborhood is committed to sustainability, with many homes incorporating eco-friendly features like rainwater harvesting systems and green roofs."
"Mountain Crest","$700,000",3,2,"2,100 sqft","Located in the peaceful neighborhood of Mountain Crest, this charming property offers 3 bedrooms and 2 bathrooms. The house features a renovated kitchen with energy-efficient appliances, a cozy fireplace, and a backyard garden with a composting area. With hardwood floors and a sunroom, this home provides a tranquil retreat for those seeking a sustainable and serene living space.","Mountain Crest is a quiet neighborhood with scenic views of the mountains and easy access to hiking trails and nature reserves. Residents enjoy a laid-back lifestyle with access to local cafes, farmers\ markets, and community events. The neighborhood is known for its commitment to sustainability, with many homes incorporating eco-friendly features like solar panels and rain gardens."